都道府県,指揮支援隊,大阪府大隊（陸上）,大阪府大隊（航空）
北海道（札幌市）,該当なし,該当なし,該当なし
青森県,該当なし,該当なし,該当なし
岩手県,該当なし,該当なし,該当なし
宮城県（仙台市）,該当なし,該当なし,該当なし
秋田県,該当なし,該当なし,該当なし
山形県,該当なし,該当なし,該当なし
福島県,該当なし,該当なし,該当なし
茨城県,該当なし,該当なし,該当なし
栃木県,該当なし,該当なし,該当なし
群馬県,該当なし,該当なし,該当なし
埼玉県（さいたま市）,該当なし,該当なし,該当なし
千葉県（千葉市）,該当なし,該当なし,該当なし
東京都,該当なし,該当なし,該当なし
神奈川県（横浜市、川崎市、相模原市）,該当なし,該当なし,該当なし
新潟県（新潟市）,該当なし,該当なし,該当なし
富山県,該当なし,該当なし,該当なし
石川県,該当なし,該当なし,該当なし
福井県,該当なし,該当なし,出動準備（第１次出動航空小隊に該当）
山梨県,該当なし,該当なし,該当なし
長野県,該当なし,該当なし,該当なし
岐阜県,該当なし,該当なし,該当なし
静岡県（静岡市、浜松市）,該当なし,該当なし,該当なし
愛知県（名古屋市）,該当なし,該当なし,該当なし
三重県,該当なし,該当なし,出動準備（第１次出動航空小隊に該当）
滋賀県,統括指揮支援隊指定順位第２位に該当（京都市が対応できない場合、出動準備）,該当なし,出動準備（第１次出動航空小隊に該当）
京都府（京都市）,統括指揮支援隊指定順位第２位に該当（京都市が対応できない場合、出動準備）,統合機動部隊のみ出動準備（第１次出動都道府県大隊に該当）,出動準備（第１次出動航空小隊に該当）
大阪府（大阪市、堺市）,出動準備（統括指揮支援隊指定順位第１位に該当）,該当なし,該当なし
兵庫県（神戸市）,出動準備（統括指揮支援隊指定順位第１位に該当）,統合機動部隊のみ出動準備（第１次出動都道府県大隊に該当）,出動準備（第１次出動航空小隊に該当）
奈良県,統括指揮支援隊指定順位第２位に該当（京都市が対応できない場合、出動準備）,統合機動部隊のみ出動準備（第１次出動都道府県大隊に該当）,出動準備（第１次出動航空小隊に該当）
和歌山県,出動準備（統括指揮支援隊指定順位第１位に該当）,統合機動部隊のみ出動準備（第１次出動都道府県大隊に該当）,出動準備（第１次出動航空小隊に該当）
鳥取県,出動準備（統括指揮支援隊指定順位第１位に該当）,該当なし,出動準備（第１次出動航空小隊に該当）
島根県,統括指揮支援隊指定順位第２位に該当（京都市が対応できない場合、出動準備）,該当なし,該当なし
岡山県（岡山市）,統括指揮支援隊指定順位第２位に該当（京都市が対応できない場合、出動準備）,該当なし,該当なし
広島県（広島市）,該当なし,該当なし,該当なし
山口県,該当なし,該当なし,該当なし
徳島県,出動準備（統括指揮支援隊指定順位第１位に該当）,該当なし,出動準備（第１次出動航空小隊に該当）
香川県,統括指揮支援隊指定順位第２位に該当（京都市が対応できない場合、出動準備）,該当なし,出動準備（第１次出動航空小隊に該当）
愛媛県,該当なし,該当なし,該当なし
高知県,統括指揮支援隊指定順位第２位に該当（京都市が対応できない場合、出動準備）,該当なし,該当なし
福岡県（北九州市、福岡市）,該当なし,該当なし,該当なし
佐賀県,該当なし,該当なし,該当なし
長崎県,該当なし,該当なし,該当なし
熊本県（熊本市）,該当なし,該当なし,該当なし
大分県,該当なし,該当なし,該当なし
宮崎県,該当なし,該当なし,該当なし
鹿児島県,該当なし,該当なし,該当なし
沖縄県,該当なし,該当なし,該当なし